"Software","Date","Period","Description","Dependency"
"UNIVAC","1951","1950-1960","First commercial computer in the United States, introduced in 1951.","Technological advances in early computing and electronic circuits."
"Operating Systems","1950s","1950-1960","Software that manages hardware resources and provides services to computer programs.","Built upon early computing platforms like UNIVAC."
"Programming Language Compilers","1960s","1960-1970","Tools that translate source code written in programming languages into executable machine code.","Dependent on Operating Systems to manage hardware and early programming languages."
"Unix","1970s","1970-1980","A multi-tasking and multi-user operating system developed in the 1970s, influencing many subsequent systems.","Dependent on Programming Language Compilers and advances in computer architecture."
"The Copyleft Commons","1980s","1980-1990","A concept aimed at ensuring that derivative works remain free by using licenses like the GPL to protect user freedoms.","Dependent on legal frameworks and software licensing systems such as the GNU General Public License."
"SHARE Users Group","1955","1950-1960","A user group founded in 1955 to share software and technical information among IBM computer users.","Dependent on the existence of IBM mainframes and early collaborative computing culture."
"Usenet and UUCPNet","1980s","1980-1990","Systems developed in the early 1980s that allowed programmers to share software and communicate more easily.","Dependent on Unix and early networking protocols."
"GNU Operating System","1983","1980-1990","A free operating system initiated by Richard Stallman as part of the GNU Project.","Dependent on Unix principles and the Free Software Foundation."
"Debian GNU","1993","1990-2000","A Linux distribution known for its commitment to free software principles.","Dependent on the GNU Operating System and Linux kernel."
"MySQL Database Engine","1990s","1990-2000","An open-source relational database management system popular for web applications.","Dependent on the Debian GNU system and web development frameworks."
"Compilers","1960s","1960-1970","Programs that translate source code into machine code, essential for software development.","Dependent on Programming Language Compilers for different languages."
"Interpreters","1960s","1960-1970","Programs that directly execute source code line by line, without prior compilation.","Dependent on Programming Language Compilers and evolving software development techniques."
"Python","1991","1990-2000","A versatile and easy-to-learn interpreted programming language created in 1991.","Dependent on Interpreters and advances in modern programming paradigms."
"Ruby","1990s","1990-2000","A dynamic and object-oriented programming language known for simplicity and productivity.","Dependent on Interpreters and object-oriented programming principles."
"Scala","2000s","2000-2010","A programming language designed to reconcile object-oriented and functional programming paradigms.","Dependent on Java and functional programming developments."
"Java","1995","1990-2000","A versatile object-oriented programming language introduced in 1995, widely used for enterprise applications.","Dependent on Programming Language Compilers and object-oriented design principles."
"ActionScript","1990s","1990-2000","A programming language used for developing interactive web applications and animations.","Dependent on web development environments and multimedia applications."
"C#","2000s","2000-2010","A programming language developed by Microsoft"

